"rules","support","confidence","coverage","lift","count"
"{citrus fruit,other vegetables} => {root vegetables}",0.0103711235383833,0.359154929577465,0.0288764616166751,3.2950454593231,102
"{other vegetables,tropical fruit} => {root vegetables}",0.0123029994916116,0.342776203966006,0.0358922216573462,3.14477981903514,121
"{beef} => {root vegetables}",0.0173868835790544,0.331395348837209,0.0524656837824098,3.04036684311003,171
"{citrus fruit,root vegetables} => {other vegetables}",0.0103711235383833,0.586206896551724,0.017691916624301,3.02960842227336,102
"{root vegetables,tropical fruit} => {other vegetables}",0.0123029994916116,0.584541062801932,0.0210472801220132,3.0209991343442,121
"{other vegetables,whole milk} => {root vegetables}",0.0231825114387392,0.309782608695652,0.0748347737671581,2.84208204899416,228
"{curd,whole milk} => {yogurt}",0.0100660904931368,0.385214007782101,0.026131164209456,2.76135551496863,99
"{rolls/buns,root vegetables} => {other vegetables}",0.0122013218098627,0.502092050209205,0.0243009659379766,2.59488981282582,120
"{root vegetables,yogurt} => {other vegetables}",0.0129130655821047,0.5,0.0258261311642095,2.58407777193904,127
"{tropical fruit,whole milk} => {yogurt}",0.0151499745805796,0.358173076923077,0.0422979156075241,2.56751618916797,149
"{whipped/sour cream,yogurt} => {other vegetables}",0.0101677681748856,0.490196078431373,0.0207422470767667,2.5334095803324,100
"{other vegetables,whipped/sour cream} => {yogurt}",0.0101677681748856,0.352112676056338,0.0288764616166751,2.52407300948548,100
"{other vegetables,tropical fruit} => {yogurt}",0.0123029994916116,0.342776203966006,0.0358922216573462,2.45714574781754,121
"{root vegetables,whole milk} => {other vegetables}",0.0231825114387392,0.474012474012474,0.0489069649211998,2.44977019543494,228
"{whipped/sour cream,whole milk} => {yogurt}",0.0108795119471276,0.337539432176656,0.0322318251143874,2.4196066439194,107
"{citrus fruit,whole milk} => {yogurt}",0.0102694458566345,0.336666666666667,0.0305033045246568,2.41335034013605,101
"{onions} => {other vegetables}",0.0142348754448399,0.459016393442623,0.0310116929334011,2.37226811850142,140
"{pork,whole milk} => {other vegetables}",0.0101677681748856,0.458715596330275,0.0221657346212506,2.37071355223766,100
"{whipped/sour cream,whole milk} => {other vegetables}",0.0146415861718353,0.454258675078864,0.0322318251143874,2.34767948996355,144
"{curd} => {yogurt}",0.0172852058973055,0.324427480916031,0.0532791052364006,2.32561536064808,170
"{pip fruit,whole milk} => {other vegetables}",0.0135231316725979,0.449324324324324,0.0300965937976614,2.32217799775603,133
"{berries} => {yogurt}",0.010574478901881,0.318042813455657,0.033248601931876,2.27984771890408,104
"{curd,yogurt} => {whole milk}",0.0100660904931368,0.582352941176471,0.0172852058973055,2.27912502048173,99
"{root vegetables} => {other vegetables}",0.047381799694967,0.434701492537313,0.108998474834774,2.2466049285888,466
"{butter,other vegetables} => {whole milk}",0.0114895780376207,0.573604060913706,0.0200305033045247,2.24488497377091,113
"{cream cheese} => {yogurt}",0.0124046771733604,0.312820512820513,0.0396542958820539,2.24241234955521,122
"{root vegetables,tropical fruit} => {whole milk}",0.011997966446365,0.570048309178744,0.0210472801220132,2.23096900945999,118
"{citrus fruit,whole milk} => {other vegetables}",0.0130147432638536,0.426666666666667,0.0305033045246568,2.20507969872132,128
"{root vegetables,yogurt} => {whole milk}",0.0145399084900864,0.562992125984252,0.0258261311642095,2.20335358498015,143
"{tropical fruit,yogurt} => {other vegetables}",0.0123029994916116,0.420138888888889,0.0292831723436706,2.17134312780989,121
"{domestic eggs,other vegetables} => {whole milk}",0.0123029994916116,0.552511415525114,0.0222674123029995,2.16233576270971,121
"{chicken} => {other vegetables}",0.0178952719877987,0.417061611374408,0.0429079816980173,2.15543927896337,176
"{butter,whole milk} => {other vegetables}",0.0114895780376207,0.416974169741697,0.02755465175394,2.15498736700452,113
"{hamburger meat} => {other vegetables}",0.0138281647178444,0.415902140672783,0.033248601931876,2.14944695402881,136
"{domestic eggs,whole milk} => {other vegetables}",0.0123029994916116,0.410169491525424,0.0299949161159126,2.11981973155677,121
"{tropical fruit,whole milk} => {other vegetables}",0.0170818505338078,0.403846153846154,0.0422979156075241,2.08713973887384,168
"{whipped/sour cream} => {other vegetables}",0.0288764616166751,0.402836879432624,0.0716827656329436,2.08192365171827,284
"{whole milk,yogurt} => {other vegetables}",0.0222674123029995,0.397459165154265,0.0560244026436197,2.05413078785717,219
"{whipped/sour cream,yogurt} => {whole milk}",0.0108795119471276,0.524509803921569,0.0207422470767666,2.05274728275711,107
"{rolls/buns,root vegetables} => {whole milk}",0.012709710218607,0.523012552301255,0.0243009659379766,2.04688756541299,125
"{fruit/vegetable juice,whole milk} => {other vegetables}",0.0104728012201322,0.393129770992366,0.0266395526182003,2.03175580541772,103
"{other vegetables,pip fruit} => {whole milk}",0.0135231316725979,0.517509727626459,0.026131164209456,2.02535144098935,133
"{tropical fruit,yogurt} => {whole milk}",0.0151499745805796,0.517361111111111,0.0292831723436706,2.02476980810894,149
"{other vegetables,yogurt} => {whole milk}",0.0222674123029995,0.51288056206089,0.0434163701067616,2.00723451168677,219
"{other vegetables,whipped/sour cream} => {whole milk}",0.0146415861718353,0.507042253521127,0.0288764616166751,1.98438542116207,144
"{fruit/vegetable juice,other vegetables} => {whole milk}",0.0104728012201322,0.497584541062802,0.0210472801220132,1.94737125402016,103
"{butter} => {whole milk}",0.02755465175394,0.497247706422018,0.0554143365531266,1.94605300145665,271
"{beef} => {other vegetables}",0.0197254702592781,0.375968992248062,0.0524656837824098,1.94306623161308,194
"{pork} => {other vegetables}",0.0216573462125064,0.375661375661376,0.0576512455516014,1.94147642124521,213
"{curd} => {whole milk}",0.026131164209456,0.490458015267176,0.0532791052364006,1.91948053328797,257
"{butter milk} => {other vegetables}",0.0103711235383833,0.370909090909091,0.0279613624809354,1.9169158744566,102
"{other vegetables,root vegetables} => {whole milk}",0.0231825114387392,0.489270386266094,0.047381799694967,1.91483257020575,228
"{frozen vegetables} => {other vegetables}",0.0177935943060498,0.369978858350951,0.0480935434672089,1.91210828790416,175
"{butter} => {other vegetables}",0.0200305033045247,0.361467889908257,0.0554143365531266,1.86812227916327,197
"{other vegetables,tropical fruit} => {whole milk}",0.0170818505338078,0.475920679886686,0.0358922216573462,1.86258650484901,168
"{citrus fruit,yogurt} => {whole milk}",0.0102694458566345,0.474178403755869,0.0216573462125064,1.85576784756823,101
"{domestic eggs} => {whole milk}",0.0299949161159126,0.47275641025641,0.0634468734112862,1.85020266409542,295
"{other vegetables,pork} => {whole milk}",0.0101677681748856,0.469483568075117,0.0216573462125064,1.8373939084834,100
"{other vegetables,pastry} => {whole milk}",0.010574478901881,0.468468468468468,0.0225724453482461,1.83342116489749,104
"{domestic eggs} => {other vegetables}",0.0222674123029995,0.350961538461538,0.0634468734112862,1.81382382068798,219
"{citrus fruit} => {other vegetables}",0.0288764616166751,0.348894348894349,0.0827656329435689,1.80314026346606,284
"{soda,whole milk} => {other vegetables}",0.0139298423995933,0.347715736040609,0.0400610066090493,1.79704900891192,137
"{cream cheese} => {other vegetables}",0.0137264870360956,0.346153846153846,0.0396542958820539,1.78897691903472,135
"{pip fruit} => {other vegetables}",0.026131164209456,0.345430107526882,0.0756481952211489,1.78523652523746,257
"{frankfurter} => {rolls/buns}",0.0192170818505338,0.325862068965517,0.0589730554143366,1.77161605764282,189
"{rolls/buns,yogurt} => {whole milk}",0.015556685307575,0.452662721893491,0.0343670564311134,1.77156302022383,153
"{sausage} => {rolls/buns}",0.0306049822064057,0.325757575757576,0.0939501779359431,1.7710479588589,301
"{tropical fruit} => {other vegetables}",0.0358922216573462,0.342054263565891,0.10493136756482,1.7677896385552,353
"{citrus fruit,other vegetables} => {whole milk}",0.0130147432638536,0.450704225352113,0.0288764616166751,1.76389815214406,128
"{whipped/sour cream} => {whole milk}",0.0322318251143874,0.449645390070922,0.0716827656329436,1.75975424247812,317
"{sausage,whole milk} => {other vegetables}",0.0101677681748856,0.340136054421769,0.0298932384341637,1.75787603533268,100
"{root vegetables} => {whole milk}",0.0489069649211998,0.448694029850746,0.108998474834774,1.75603095247994,481
"{rolls/buns,tropical fruit} => {whole milk}",0.0109811896288765,0.446280991735537,0.0246059989832232,1.7465871682129,108
"{margarine} => {other vegetables}",0.0197254702592781,0.336805555555556,0.0585663446873411,1.74066349915338,194
"{sugar} => {whole milk}",0.0150482968988307,0.444444444444444,0.0338586680223691,1.73939956669762,148
"{hamburger meat} => {whole milk}",0.0147432638535841,0.443425076452599,0.033248601931876,1.73541011815015,145
"{rolls/buns,yogurt} => {other vegetables}",0.0114895780376207,0.334319526627219,0.0343670564311134,1.72781531496516,113
"{ham} => {whole milk}",0.0114895780376207,0.44140625,0.0260294865277072,1.72750913997214,113
"{sliced cheese} => {whole milk}",0.0107778342653787,0.439834024896266,0.0245043213014743,1.72135600272772,106
"{bottled water,other vegetables} => {whole milk}",0.0107778342653787,0.434426229508197,0.0248093543467209,1.70019178957943,106
"{white bread} => {other vegetables}",0.0137264870360956,0.326086956521739,0.0420945602440264,1.68526811213416,135
"{curd} => {other vegetables}",0.0171835282155567,0.322519083969466,0.0532791052364006,1.66682879182328,169
"{other vegetables,soda} => {whole milk}",0.0139298423995933,0.425465838509317,0.0327402135231317,1.66512396408242,137
"{frozen vegetables} => {whole milk}",0.0204372140315201,0.424947145877378,0.0480935434672089,1.66309398316913,201
"{sugar} => {other vegetables}",0.0107778342653787,0.318318318318318,0.0338586680223691,1.64511858153477,106
"{other vegetables,rolls/buns} => {whole milk}",0.0178952719877987,0.420047732696897,0.0426029486527707,1.64391939955192,176
"{pastry,whole milk} => {other vegetables}",0.010574478901881,0.318042813455657,0.033248601931876,1.64369472955144,104
"{rolls/buns,whole milk} => {other vegetables}",0.0178952719877987,0.315978456014363,0.0566344687341129,1.63302580919667,176
"{cream cheese} => {whole milk}",0.0164717844433147,0.415384615384615,0.0396542958820539,1.62566959502893,162
"{butter milk} => {whole milk}",0.0115912557193696,0.414545454545455,0.0279613624809354,1.62238541402887,114
"{bottled water,whole milk} => {other vegetables}",0.0107778342653787,0.313609467455621,0.0343670564311134,1.62078250784342,106
"{margarine} => {whole milk}",0.0241992882562278,0.413194444444444,0.0585663446873411,1.61709803466419,238
"{dessert} => {other vegetables}",0.0115912557193696,0.312328767123288,0.0371123538383325,1.61416364932083,114
"{yogurt} => {other vegetables}",0.0434163701067616,0.311224489795918,0.139501779359431,1.6084565723294,427
"{hard cheese} => {whole milk}",0.0100660904931368,0.410788381742739,0.0245043213014743,1.6076815497174,99
"{chicken} => {whole milk}",0.0175902389425521,0.409952606635071,0.0429079816980173,1.6044106192821,173
"{berries} => {other vegetables}",0.0102694458566345,0.308868501529052,0.033248601931876,1.59628045850669,101
"{white bread} => {whole milk}",0.0170818505338078,0.405797101449275,0.0420945602440264,1.58814743046304,168
"{beef} => {whole milk}",0.0212506354855109,0.405038759689922,0.0524656837824098,1.58517954697588,209
"{tropical fruit} => {whole milk}",0.0422979156075241,0.403100775193798,0.10493136756482,1.57759495584202,416
"{oil} => {whole milk}",0.011286222674123,0.402173913043478,0.0280630401626843,1.57396754269105,111
"{yogurt} => {whole milk}",0.0560244026436197,0.401603498542274,0.139501779359431,1.57173514053453,551
"{pip fruit} => {whole milk}",0.0300965937976614,0.397849462365591,0.075648195221149,1.55704316051158,296
"{onions} => {whole milk}",0.0120996441281139,0.390163934426229,0.0310116929334011,1.52696470158455,119
"{hygiene articles} => {whole milk}",0.0128113879003559,0.388888888888889,0.0329435688866294,1.52197462086041,126
"{brown bread} => {whole milk}",0.0252160650737163,0.38871473354232,0.0648703609557702,1.5212930379581,248
"{other vegetables} => {whole milk}",0.0748347737671581,0.386757750919601,0.193492628368073,1.51363409482462,736
"{pork} => {whole milk}",0.0221657346212506,0.384479717813051,0.0576512455516014,1.5047186727781,218
"{soda,yogurt} => {whole milk}",0.0104728012201322,0.382899628252788,0.0273512963904423,1.49853475681105,103
"{other vegetables,sausage} => {whole milk}",0.0101677681748856,0.377358490566038,0.0269445856634469,1.47684868870552,100
"{napkins} => {whole milk}",0.0197254702592781,0.376699029126214,0.0523640061006609,1.47426778808448,194
"{pastry} => {whole milk}",0.033248601931876,0.373714285714286,0.0889679715302491,1.46258654994031,327
"{dessert} => {whole milk}",0.0137264870360956,0.36986301369863,0.0371123538383325,1.44751402297096,135
"{citrus fruit} => {whole milk}",0.0305033045246568,0.368550368550369,0.0827656329435689,1.44237679056621,300
"{fruit/vegetable juice} => {whole milk}",0.0266395526182003,0.368495077355837,0.0722928317234367,1.44216040023663,262
"{long life bakery product} => {whole milk}",0.0135231316725979,0.361413043478261,0.0374173868835791,1.41444380525615,133
"{berries} => {whole milk}",0.0117946110828673,0.35474006116208,0.033248601931876,1.38832809452012,116
"{frankfurter} => {whole milk}",0.0205388917132689,0.348275862068965,0.0589730554143366,1.36302948804149,202
"{newspapers} => {whole milk}",0.0273512963904423,0.342675159235669,0.0798169801728521,1.34111030285826,269
"{chocolate} => {whole milk}",0.0166751398068124,0.336065573770492,0.0496187086934418,1.31524270514635,164
"{waffles} => {whole milk}",0.012709710218607,0.330687830687831,0.0384341637010676,1.29419610617382,125
"{coffee} => {whole milk}",0.0187086934417895,0.322241681260946,0.0580579562785968,1.2611408417037,184
"{sausage} => {whole milk}",0.0298932384341637,0.318181818181818,0.0939501779359431,1.24525196252216,294
"{bottled water} => {whole milk}",0.0343670564311134,0.310947562097516,0.110523640061007,1.21693962325072,338
"{rolls/buns} => {whole milk}",0.0566344687341129,0.307904919845218,0.183934926283681,1.20503178936638,557
